variant,block,order,mode,threads,multipv,position,elapsed_ns,stop_lag_ns,nodes,depth,score,bestmove,callbacks,max_pv,last_pv,engine_time_ms
baseline,0,0,nodes,1,1,complex-middle,117537389,,100009,8,cp -17,B*6h,9,7,7,117
baseline,0,0,nodes,1,1,movegen-heavy,121731516,,100037,11,cp -1582,G*3c,12,10,7,121
baseline,0,0,nodes,1,1,selfplay-88,137237699,,100007,13,cp 3581,2h2g,14,13,13,137
baseline,0,0,nodes,1,8,complex-middle,94649619,,100009,7,cp -124,B*6h,57,7,7,94
baseline,0,0,nodes,1,8,movegen-heavy,93185502,,100021,8,cp -1183,S*2h,65,8,8,93
baseline,0,0,nodes,1,8,selfplay-88,129817369,,100036,10,cp 2995,2h2g,81,12,11,129
fixed,0,1,nodes,1,1,complex-middle,139317365,,100009,8,cp -17,B*6h,9,7,7,139
fixed,0,1,nodes,1,1,movegen-heavy,122107985,,100037,11,cp -1582,G*3c,12,10,7,122
fixed,0,1,nodes,1,1,selfplay-88,135458309,,100007,13,cp 3581,2h2g,14,11,11,135
fixed,0,1,nodes,1,8,complex-middle,95927494,,100009,7,cp -124,B*6h,57,7,7,95
fixed,0,1,nodes,1,8,movegen-heavy,95740241,,100021,8,cp -1183,S*2h,65,8,8,95
fixed,0,1,nodes,1,8,selfplay-88,115915025,,100036,10,cp 2995,2h2g,81,12,11,115
fixed,0,2,nodes,1,1,complex-middle,123516246,,100009,8,cp -17,B*6h,9,7,7,123
fixed,0,2,nodes,1,1,movegen-heavy,124356087,,100037,11,cp -1582,G*3c,12,10,7,124
fixed,0,2,nodes,1,1,selfplay-88,137398402,,100007,13,cp 3581,2h2g,14,11,11,137
fixed,0,2,nodes,1,8,complex-middle,98204511,,100009,7,cp -124,B*6h,57,7,7,98
fixed,0,2,nodes,1,8,movegen-heavy,93884087,,100021,8,cp -1183,S*2h,65,8,8,93
fixed,0,2,nodes,1,8,selfplay-88,115641901,,100036,10,cp 2995,2h2g,81,12,11,115
baseline,0,3,nodes,1,1,complex-middle,124887538,,100009,8,cp -17,B*6h,9,7,7,124
baseline,0,3,nodes,1,1,movegen-heavy,127633367,,100037,11,cp -1582,G*3c,12,10,7,127
baseline,0,3,nodes,1,1,selfplay-88,144034015,,100007,13,cp 3581,2h2g,14,13,13,143
baseline,0,3,nodes,1,8,complex-middle,95155290,,100009,7,cp -124,B*6h,57,7,7,95
baseline,0,3,nodes,1,8,movegen-heavy,96848919,,100021,8,cp -1183,S*2h,65,8,8,96
baseline,0,3,nodes,1,8,selfplay-88,121921263,,100036,10,cp 2995,2h2g,81,12,11,121
baseline,0,0,time,1,1,complex-middle,1000268461,,845873,13,cp -498,B*6h,14,18,14,1000
baseline,0,0,time,1,1,movegen-heavy,1000227825,,825175,16,cp -2522,G*1c,17,17,14,1000
baseline,0,0,time,1,1,selfplay-88,1000275084,,745887,17,cp 5317,2h2g,18,15,15,1000
baseline,0,0,time,1,8,complex-middle,1000207157,,903792,11,cp -73,B*6h,89,25,12,1000
baseline,0,0,time,1,8,movegen-heavy,1000253344,,933122,11,cp -2005,N*2c,89,20,9,1000
baseline,0,0,time,1,8,selfplay-88,1000199183,,768940,13,cp 3586,2h2g,105,18,7,1000
fixed,0,1,time,1,1,complex-middle,1000449283,,881984,13,cp -498,B*6h,14,17,14,1000
fixed,0,1,time,1,1,movegen-heavy,1000247324,,837000,16,cp -2522,G*1c,17,17,14,1000
fixed,0,1,time,1,1,selfplay-88,1000206377,,765226,17,cp 5317,2h2g,18,15,15,1000
fixed,0,1,time,1,8,complex-middle,1000325281,,914048,11,cp -73,B*6h,89,23,12,1000
fixed,0,1,time,1,8,movegen-heavy,1000197671,,937576,11,cp -2005,N*2c,89,20,9,1000
fixed,0,1,time,1,8,selfplay-88,1000253336,,774183,13,cp 3727,2h2g,105,19,9,1000
fixed,0,2,time,1,1,complex-middle,1000152536,,875641,13,cp -498,B*6h,14,17,14,1000
fixed,0,2,time,1,1,movegen-heavy,1000337916,,824778,16,cp -2522,G*1c,17,17,14,1000
fixed,0,2,time,1,1,selfplay-88,1000460117,,748573,17,cp 5317,2h2g,18,15,15,1000
fixed,0,2,time,1,8,complex-middle,1000220426,,911462,11,cp -73,B*6h,89,23,12,1000
fixed,0,2,time,1,8,movegen-heavy,1000198574,,886053,11,cp -2005,N*2c,89,20,9,1000
fixed,0,2,time,1,8,selfplay-88,1000199887,,778326,13,cp 3816,2h2g,105,16,16,1000
baseline,0,3,time,1,1,complex-middle,1000168639,,830886,13,cp -498,B*6h,14,18,14,1000
baseline,0,3,time,1,1,movegen-heavy,1000161456,,785111,16,cp -2522,G*1c,17,17,14,1000
baseline,0,3,time,1,1,selfplay-88,1000160875,,705160,17,cp 5317,2h2g,18,15,15,1000
baseline,0,3,time,1,8,complex-middle,1000435843,,869525,11,cp -73,B*6h,89,25,12,1000
baseline,0,3,time,1,8,movegen-heavy,1000184200,,886053,11,cp -2005,N*2c,89,20,9,1000
baseline,0,3,time,1,8,selfplay-88,1000303955,,729504,13,cp 3816,2h2g,105,16,16,1000
baseline,1,0,time,1,1,complex-middle,1000224295,,821861,13,cp -498,B*6h,14,18,14,1000
baseline,1,0,time,1,1,movegen-heavy,1000295931,,780645,16,cp -2522,G*1c,17,17,14,1000
baseline,1,0,time,1,1,selfplay-88,1000210310,,731501,17,cp 5645,2h2g,18,15,15,1000
baseline,1,0,time,1,8,complex-middle,1000247961,,909010,11,cp -73,B*6h,89,25,12,1000
baseline,1,0,time,1,8,movegen-heavy,1000494706,,925889,11,cp -2005,N*2c,89,20,9,1000
baseline,1,0,time,1,8,selfplay-88,1000464058,,775491,13,cp 3816,2h2g,105,16,16,1000
fixed,1,1,time,1,1,complex-middle,1000224387,,868286,13,cp -498,B*6h,14,17,14,1000
fixed,1,1,time,1,1,movegen-heavy,1000758133,,826281,16,cp -2522,G*1c,17,17,14,1000
fixed,1,1,time,1,1,selfplay-88,1000427701,,757031,17,cp 5317,2h2g,18,15,15,1000
fixed,1,1,time,1,8,complex-middle,1000226122,,905586,11,cp -73,B*6h,89,23,12,1000
fixed,1,1,time,1,8,movegen-heavy,1000355195,,929301,11,cp -2005,N*2c,89,20,9,1000
fixed,1,1,time,1,8,selfplay-88,1000401984,,781338,13,cp 3816,2h2g,105,16,16,1000
fixed,1,2,time,1,1,complex-middle,1000164216,,865281,13,cp -498,B*6h,14,17,14,1000
fixed,1,2,time,1,1,movegen-heavy,1000200364,,828972,16,cp -2522,G*1c,17,17,14,1000
fixed,1,2,time,1,1,selfplay-88,1000337343,,758985,17,cp 5317,2h2g,18,15,15,1000
fixed,1,2,time,1,8,complex-middle,1000174537,,916960,11,cp -73,B*6h,89,23,12,1000
fixed,1,2,time,1,8,movegen-heavy,1000321614,,931465,11,cp -2005,N*2c,89,20,9,1000
fixed,1,2,time,1,8,selfplay-88,1000377970,,774855,13,cp 3727,2h2g,105,19,9,1000
baseline,1,3,time,1,1,complex-middle,1000237977,,872160,13,cp -498,B*6h,14,18,14,1000
baseline,1,3,time,1,1,movegen-heavy,1000133250,,819704,16,cp -2522,G*1c,17,17,14,1000
baseline,1,3,time,1,1,selfplay-88,1000265920,,746943,17,cp 5317,2h2g,18,15,15,1000
baseline,1,3,time,1,8,complex-middle,1000229772,,885526,11,cp -73,B*6h,89,25,12,1000
baseline,1,3,time,1,8,movegen-heavy,1000392179,,916173,11,cp -2005,N*2c,89,20,9,1000
baseline,1,3,time,1,8,selfplay-88,1000386878,,765337,13,cp 3816,2h2g,105,16,16,1000
baseline,2,0,time,1,1,complex-middle,1000247146,,861367,13,cp -498,B*6h,14,18,14,1000
baseline,2,0,time,1,1,movegen-heavy,1000134624,,800192,16,cp -2522,G*1c,17,17,14,1000
baseline,2,0,time,1,1,selfplay-88,1000217791,,750421,17,cp 5645,2h2g,18,15,15,1000
baseline,2,0,time,1,8,complex-middle,1000155734,,909457,11,cp -73,B*6h,89,25,12,1000
baseline,2,0,time,1,8,movegen-heavy,1000300066,,924901,11,cp -2005,N*2c,89,20,9,1000
baseline,2,0,time,1,8,selfplay-88,1000389595,,767974,13,cp 3816,2h2g,105,16,16,1000
fixed,2,1,time,1,1,complex-middle,1000148382,,859636,13,cp -498,B*6h,14,17,14,1000
fixed,2,1,time,1,1,movegen-heavy,1000284097,,821422,16,cp -2522,G*1c,17,17,14,1000
fixed,2,1,time,1,1,selfplay-88,1000208425,,753146,17,cp 5317,2h2g,18,15,15,1000
fixed,2,1,time,1,8,complex-middle,1000211541,,902335,11,cp -73,B*6h,89,23,12,1000
fixed,2,1,time,1,8,movegen-heavy,1000340945,,921054,11,cp -2005,N*2c,89,20,9,1000
fixed,2,1,time,1,8,selfplay-88,1000437316,,764149,13,cp 3727,2h2g,105,19,9,1000
fixed,2,2,time,1,1,complex-middle,1000347007,,877663,13,cp -498,B*6h,14,17,14,1000
fixed,2,2,time,1,1,movegen-heavy,1000272417,,828549,16,cp -2522,G*1c,17,17,14,1000
fixed,2,2,time,1,1,selfplay-88,1000270173,,757561,17,cp 5317,2h2g,18,15,15,1000
fixed,2,2,time,1,8,complex-middle,1000256979,,911334,11,cp -73,B*6h,89,23,12,1000
fixed,2,2,time,1,8,movegen-heavy,1000333052,,925678,11,cp -2005,N*2c,89,20,9,1000
fixed,2,2,time,1,8,selfplay-88,1000488746,,788925,13,cp 3816,2h2g,105,16,16,1000
baseline,2,3,time,1,1,complex-middle,1000213458,,875854,13,cp -498,B*6h,14,18,14,1000
baseline,2,3,time,1,1,movegen-heavy,1000151671,,816534,16,cp -2522,G*1c,17,17,14,1000
baseline,2,3,time,1,1,selfplay-88,1000579698,,744752,17,cp 5317,2h2g,18,15,15,1000
baseline,2,3,time,1,8,complex-middle,1000160820,,920924,11,cp -73,B*6h,89,25,12,1000
baseline,2,3,time,1,8,movegen-heavy,1000133197,,934396,11,cp -2005,N*2c,89,20,9,1000
baseline,2,3,time,1,8,selfplay-88,1000561354,,591834,13,cp 3727,2h2g,105,19,9,1000
baseline,3,0,time,1,1,complex-middle,1000326542,,624499,13,cp -498,B*6h,14,18,14,1000
baseline,3,0,time,1,1,movegen-heavy,1000588415,,601052,15,cp -2314,N*2c,16,17,17,1000
baseline,3,0,time,1,1,selfplay-88,1000580390,,551528,16,cp 4051,2h2g,17,14,14,1000
baseline,3,0,time,1,8,complex-middle,1000238787,,680941,11,cp -73,B*6h,89,25,12,1000
baseline,3,0,time,1,8,movegen-heavy,1000288792,,705573,11,cp -2005,N*2c,89,20,9,1000
baseline,3,0,time,1,8,selfplay-88,1000167334,,575668,13,cp 3727,2h2g,105,19,9,1000
fixed,3,1,time,1,1,complex-middle,1000213901,,654960,13,cp -498,B*6h,14,17,14,1000
fixed,3,1,time,1,1,movegen-heavy,1000253216,,625930,15,cp -2314,N*2c,16,17,17,1000
fixed,3,1,time,1,1,selfplay-88,1000243578,,556278,16,cp 4051,2h2g,17,13,13,1000
fixed,3,1,time,1,8,complex-middle,1000463643,,647889,11,cp -73,B*6h,89,23,12,1000
fixed,3,1,time,1,8,movegen-heavy,1000192111,,679466,11,cp -2005,N*2c,89,20,9,1000
fixed,3,1,time,1,8,selfplay-88,1000264188,,557593,12,cp 3303,2h2g,97,16,10,1000
fixed,3,2,time,1,1,complex-middle,1000180450,,648928,13,cp -498,B*6h,14,17,14,1000
fixed,3,2,time,1,1,movegen-heavy,1000452523,,625930,15,cp -2314,N*2c,16,17,17,1000
fixed,3,2,time,1,1,selfplay-88,1000691934,,557994,16,cp 4051,2h2g,17,13,13,1000
fixed,3,2,time,1,8,complex-middle,1000326496,,678168,11,cp -73,B*6h,89,23,12,1000
fixed,3,2,time,1,8,movegen-heavy,1000416766,,708751,11,cp -2005,N*2c,89,20,9,1000
fixed,3,2,time,1,8,selfplay-88,1000343449,,547883,12,cp 3303,2h2g,97,16,10,1000
baseline,3,3,time,1,1,complex-middle,1000470147,,613886,13,cp -498,B*6h,14,18,14,1000
baseline,3,3,time,1,1,movegen-heavy,1000427888,,580699,15,cp -2314,N*2c,16,17,17,1000
baseline,3,3,time,1,1,selfplay-88,1000586657,,513553,16,cp 4051,2h2g,17,14,14,1000
baseline,3,3,time,1,8,complex-middle,1000150736,,622280,11,cp -73,B*6h,89,25,12,1000
baseline,3,3,time,1,8,movegen-heavy,1000207223,,662353,11,cp -2005,N*2c,89,20,9,1000
baseline,3,3,time,1,8,selfplay-88,1000365050,,556324,12,cp 3255,2h2g,97,13,10,1000
baseline,4,0,time,1,1,complex-middle,1000162169,,617970,13,cp -498,B*6h,14,18,14,1000
baseline,4,0,time,1,1,movegen-heavy,1000288507,,585678,15,cp -2314,N*2c,16,17,17,1000
baseline,4,0,time,1,1,selfplay-88,1000464980,,522977,16,cp 4051,2h2g,17,14,14,1000
baseline,4,0,time,1,8,complex-middle,1000271085,,627998,11,cp -73,B*6h,89,25,12,1000
baseline,4,0,time,1,8,movegen-heavy,1000468597,,653963,11,cp -2005,N*2c,89,20,9,1000
baseline,4,0,time,1,8,selfplay-88,1000420967,,541041,12,cp 3303,2h2g,97,16,10,1000
fixed,4,1,time,1,1,complex-middle,1000218055,,622898,13,cp -498,B*6h,14,17,14,1000
fixed,4,1,time,1,1,movegen-heavy,1000452848,,587901,15,cp -2314,N*2c,16,17,17,1000
fixed,4,1,time,1,1,selfplay-88,1000736873,,520223,16,cp 4051,2h2g,17,13,13,1000
fixed,4,1,time,1,8,complex-middle,1000206866,,653858,11,cp -73,B*6h,89,23,12,1000
fixed,4,1,time,1,8,movegen-heavy,1000314749,,688670,11,cp -2005,N*2c,89,20,9,1000
fixed,4,1,time,1,8,selfplay-88,1000495921,,568462,12,cp 3255,2h2g,97,13,10,1000
fixed,4,2,time,1,1,complex-middle,1000217897,,644580,13,cp -498,B*6h,14,17,14,1000
fixed,4,2,time,1,1,movegen-heavy,1000503315,,612372,15,cp -2314,N*2c,16,17,17,1000
fixed,4,2,time,1,1,selfplay-88,1000496472,,550594,16,cp 4051,2h2g,17,13,13,1000
fixed,4,2,time,1,8,complex-middle,1000229129,,664282,11,cp -73,B*6h,89,23,12,1000
fixed,4,2,time,1,8,movegen-heavy,1000203891,,693443,11,cp -2005,N*2c,89,20,9,1000
fixed,4,2,time,1,8,selfplay-88,1000426902,,577198,12,cp 3255,2h2g,97,13,10,1000
baseline,4,3,time,1,1,complex-middle,1000371327,,631192,13,cp -498,B*6h,14,18,14,1000
baseline,4,3,time,1,1,movegen-heavy,1000246583,,609705,15,cp -2314,N*2c,16,17,17,1000
baseline,4,3,time,1,1,selfplay-88,1000261452,,549542,16,cp 4051,2h2g,17,14,14,1000
baseline,4,3,time,1,8,complex-middle,1000473421,,666973,11,cp -73,B*6h,89,25,12,1000
baseline,4,3,time,1,8,movegen-heavy,1000311506,,694008,11,cp -2005,N*2c,89,20,9,1000
baseline,4,3,time,1,8,selfplay-88,1000394312,,573687,12,cp 3255,2h2g,97,13,10,1000
baseline,5,0,time,1,1,complex-middle,1000247496,,642670,13,cp -498,B*6h,14,18,14,1000
baseline,5,0,time,1,1,movegen-heavy,1000147007,,611980,15,cp -2314,N*2c,16,17,17,1000
baseline,5,0,time,1,1,selfplay-88,1000450028,,549976,16,cp 4051,2h2g,17,14,14,1000
baseline,5,0,time,1,8,complex-middle,1000156465,,665841,11,cp -73,B*6h,89,25,12,1000
baseline,5,0,time,1,8,movegen-heavy,1000238570,,695643,11,cp -2005,N*2c,89,20,9,1000
baseline,5,0,time,1,8,selfplay-88,1000516965,,577476,12,cp 3255,2h2g,97,13,10,1000
fixed,5,1,time,1,1,complex-middle,1000198385,,646884,13,cp -498,B*6h,14,17,14,1000
fixed,5,1,time,1,1,movegen-heavy,1000409442,,614406,15,cp -2314,N*2c,16,17,17,1000
fixed,5,1,time,1,1,selfplay-88,1000575124,,545245,16,cp 4051,2h2g,17,13,13,1000
fixed,5,1,time,1,8,complex-middle,1000338670,,661413,11,cp -73,B*6h,89,23,12,1000
fixed,5,1,time,1,8,movegen-heavy,1000283496,,702060,11,cp -2005,N*2c,89,20,9,1000
fixed,5,1,time,1,8,selfplay-88,1000418470,,581951,12,cp 3255,2h2g,97,13,10,1000
fixed,5,2,time,1,1,complex-middle,1000350402,,646732,13,cp -498,B*6h,14,17,14,1000
fixed,5,2,time,1,1,movegen-heavy,1000453527,,617576,15,cp -2314,N*2c,16,17,17,1000
fixed,5,2,time,1,1,selfplay-88,1000255485,,551307,16,cp 4051,2h2g,17,13,13,1000
fixed,5,2,time,1,8,complex-middle,1000219397,,669812,11,cp -73,B*6h,89,23,12,1000
fixed,5,2,time,1,8,movegen-heavy,1000372735,,697772,11,cp -2005,N*2c,89,20,9,1000
fixed,5,2,time,1,8,selfplay-88,1000734908,,583899,12,cp 3255,2h2g,97,13,10,1000
baseline,5,3,time,1,1,complex-middle,1000290711,,643370,13,cp -498,B*6h,14,18,14,1000
baseline,5,3,time,1,1,movegen-heavy,1000339133,,606283,15,cp -2314,N*2c,16,17,17,1000
baseline,5,3,time,1,1,selfplay-88,1000324255,,554354,16,cp 4051,2h2g,17,14,14,1000
baseline,5,3,time,1,8,complex-middle,1000284631,,667291,11,cp -73,B*6h,89,25,12,1000
baseline,5,3,time,1,8,movegen-heavy,1000239406,,692082,11,cp -2005,N*2c,89,20,9,1000
baseline,5,3,time,1,8,selfplay-88,1000321591,,584794,12,cp 3255,2h2g,97,13,10,1000
baseline,0,0,stop,1,1,complex-middle,252748043,2463218,162764,9,cp -426,B*6h,10,18,18,252
baseline,0,0,stop,1,1,movegen-heavy,252825349,2184062,156567,11,cp -1582,G*3c,12,10,7,252
baseline,0,0,stop,1,1,selfplay-88,253047627,2768232,140100,14,cp 3573,2h2g,15,14,14,252
baseline,0,0,stop,1,8,complex-middle,253301856,3015738,187853,8,cp -127,B*6h,65,11,8,252
baseline,0,0,stop,1,8,movegen-heavy,252988967,2714090,187867,8,cp -1183,S*2h,65,8,8,252
baseline,0,0,stop,1,8,selfplay-88,253141984,2854614,153653,10,cp 2995,2h2g,81,12,11,253
fixed,0,1,stop,1,1,complex-middle,251075564,798623,161605,9,cp -426,B*6h,10,17,17,250
fixed,0,1,stop,1,1,movegen-heavy,252183670,1893555,156755,11,cp -1582,G*3c,12,10,7,252
fixed,0,1,stop,1,1,selfplay-88,252561762,2273029,140312,14,cp 3573,2h2g,15,11,7,252
fixed,0,1,stop,1,8,complex-middle,252652323,2373218,186982,8,cp -127,B*6h,65,11,8,252
fixed,0,1,stop,1,8,movegen-heavy,252512690,2229257,189242,8,cp -1183,S*2h,65,8,8,252
fixed,0,1,stop,1,8,selfplay-88,252810200,2524733,155713,10,cp 2995,2h2g,81,12,11,252
fixed,0,2,stop,1,1,complex-middle,252522949,2238084,161427,9,cp -426,B*6h,10,17,17,252
fixed,0,2,stop,1,1,movegen-heavy,252614662,2339274,156032,11,cp -1582,G*3c,12,10,7,252
fixed,0,2,stop,1,1,selfplay-88,253158586,2602079,141085,14,cp 3573,2h2g,15,11,7,253
fixed,0,2,stop,1,8,complex-middle,252623008,2336769,186443,8,cp -127,B*6h,65,11,8,252
fixed,0,2,stop,1,8,movegen-heavy,252510666,2223826,189566,8,cp -1183,S*2h,65,8,8,252
fixed,0,2,stop,1,8,selfplay-88,252204800,1916949,154084,10,cp 2995,2h2g,81,12,11,252
baseline,0,3,stop,1,1,complex-middle,252887676,2602139,161731,9,cp -426,B*6h,10,18,18,252
baseline,0,3,stop,1,1,movegen-heavy,253051725,2768072,157724,11,cp -1582,G*3c,12,10,7,252
baseline,0,3,stop,1,1,selfplay-88,253060532,2773242,139565,14,cp 3573,2h2g,15,14,14,252
baseline,0,3,stop,1,8,complex-middle,252797998,2512751,186120,8,cp -127,B*6h,65,11,8,252
baseline,0,3,stop,1,8,movegen-heavy,252953290,2705214,180298,8,cp -1183,S*2h,65,8,8,252
baseline,0,3,stop,1,8,selfplay-88,252413353,2167391,155096,10,cp 2995,2h2g,81,12,11,252
baseline,1,0,stop,1,1,complex-middle,252665578,2423042,161731,9,cp -426,B*6h,10,18,18,252
baseline,1,0,stop,1,1,movegen-heavy,252440274,2195304,155172,11,cp -1582,G*3c,12,10,7,252
baseline,1,0,stop,1,1,selfplay-88,252860365,2620183,141751,14,cp 3573,2h2g,15,14,14,252
baseline,1,0,stop,1,8,complex-middle,252252400,2009433,186982,8,cp -127,B*6h,65,11,8,252
baseline,1,0,stop,1,8,movegen-heavy,252603341,2339435,189242,8,cp -1183,S*2h,65,8,8,252
baseline,1,0,stop,1,8,selfplay-88,253242344,3000219,155295,10,cp 2995,2h2g,81,12,11,252
fixed,1,1,stop,1,1,complex-middle,252436667,2193910,160911,9,cp -426,B*6h,10,17,17,252
fixed,1,1,stop,1,1,movegen-heavy,253225723,2984178,154354,11,cp -1582,G*3c,12,10,7,252
fixed,1,1,stop,1,1,selfplay-88,252442017,2192668,140312,14,cp 3573,2h2g,15,11,7,252
fixed,1,1,stop,1,8,complex-middle,252932090,2652434,185945,8,cp -127,B*6h,65,11,8,252
fixed,1,1,stop,1,8,movegen-heavy,253309200,2770957,189566,8,cp -1183,S*2h,65,8,8,252
fixed,1,1,stop,1,8,selfplay-88,253177632,2901392,153699,10,cp 2995,2h2g,81,12,11,253
fixed,1,2,stop,1,1,complex-middle,252617538,2342381,158905,9,cp -426,B*6h,10,17,17,252
fixed,1,2,stop,1,1,movegen-heavy,252577443,2401482,157369,11,cp -1582,G*3c,12,10,7,252
fixed,1,2,stop,1,1,selfplay-88,252760807,2476572,139065,14,cp 3573,2h2g,15,11,7,252
fixed,1,2,stop,1,8,complex-middle,252920468,2644549,186120,8,cp -127,B*6h,65,11,8,252
fixed,1,2,stop,1,8,movegen-heavy,252513863,2228356,189747,8,cp -1183,S*2h,65,8,8,252
fixed,1,2,stop,1,8,selfplay-88,252318805,2032537,155386,10,cp 2995,2h2g,81,12,11,252
baseline,1,3,stop,1,1,complex-middle,252650650,1905047,161901,9,cp -426,B*6h,10,18,18,252
baseline,1,3,stop,1,1,movegen-heavy,253070991,2784973,156403,11,cp -1582,G*3c,12,10,7,252
baseline,1,3,stop,1,1,selfplay-88,252926840,2637877,139814,14,cp 3573,2h2g,15,14,14,252
baseline,1,3,stop,1,8,complex-middle,252516748,2229848,186253,8,cp -127,B*6h,65,11,8,252
baseline,1,3,stop,1,8,movegen-heavy,252962007,2675387,188670,8,cp -1183,S*2h,65,8,8,252
baseline,1,3,stop,1,8,selfplay-88,252988115,2713759,155096,10,cp 2995,2h2g,81,12,11,252
baseline,2,0,stop,1,1,complex-middle,253150652,2861097,159902,9,cp -426,B*6h,10,18,18,253
baseline,2,0,stop,1,1,movegen-heavy,252991392,2705043,155815,11,cp -1582,G*3c,12,10,7,252
baseline,2,0,stop,1,1,selfplay-88,252614122,2328454,140312,14,cp 3573,2h2g,15,14,14,252
baseline,2,0,stop,1,8,complex-middle,252331239,2193429,185945,8,cp -127,B*6h,65,11,8,252
baseline,2,0,stop,1,8,movegen-heavy,252891845,2604404,189747,8,cp -1183,S*2h,65,8,8,252
baseline,2,0,stop,1,8,selfplay-88,252463759,2176538,156192,10,cp 2995,2h2g,81,12,11,252
fixed,2,1,stop,1,1,complex-middle,252660229,2376365,163043,9,cp -426,B*6h,10,17,17,252
fixed,2,1,stop,1,1,movegen-heavy,252797817,2513783,158188,11,cp -1582,G*3c,12,10,7,252
fixed,2,1,stop,1,1,selfplay-88,252984098,2425527,140552,14,cp 3573,2h2g,15,11,7,252
fixed,2,1,stop,1,8,complex-middle,252416300,2129880,179513,8,cp -127,B*6h,65,11,8,252
fixed,2,1,stop,1,8,movegen-heavy,252619321,2337210,190358,9,cp -1618,N*2c,73,9,9,252
fixed,2,1,stop,1,8,selfplay-88,252833936,2218086,154544,10,cp 2466,2h2g,81,15,3,252
fixed,2,2,stop,1,1,complex-middle,252492724,2213989,161731,9,cp -426,B*6h,10,17,17,252
fixed,2,2,stop,1,1,movegen-heavy,252080046,1806401,155532,11,cp -1582,G*3c,12,10,7,251
fixed,2,2,stop,1,1,selfplay-88,252951927,2666390,140100,14,cp 3573,2h2g,15,11,7,252
fixed,2,2,stop,1,8,complex-middle,252898958,2611006,186538,8,cp -127,B*6h,65,11,8,252
fixed,2,2,stop,1,8,movegen-heavy,252714131,2429555,188158,8,cp -1183,S*2h,65,8,8,252
fixed,2,2,stop,1,8,selfplay-88,253196509,2912754,155295,10,cp 2995,2h2g,81,12,11,253
baseline,2,3,stop,1,1,complex-middle,252532499,2253804,162062,9,cp -426,B*6h,10,18,18,252
baseline,2,3,stop,1,1,movegen-heavy,252103010,1827010,155815,11,cp -1582,G*3c,12,10,7,252
baseline,2,3,stop,1,1,selfplay-88,252128738,1854391,139065,14,cp 3573,2h2g,15,14,14,252
baseline,2,3,stop,1,8,complex-middle,252552335,2279221,186443,8,cp -127,B*6h,65,11,8,252
baseline,2,3,stop,1,8,movegen-heavy,252516929,2242662,188952,8,cp -1183,S*2h,65,8,8,252
baseline,2,3,stop,1,8,selfplay-88,252853683,2580328,155893,10,cp 2995,2h2g,81,12,11,252
baseline,3,0,stop,1,1,complex-middle,252593483,2317583,160465,9,cp -426,B*6h,10,18,18,252
baseline,3,0,stop,1,1,movegen-heavy,252920239,2647876,156916,11,cp -1582,G*3c,12,10,7,252
baseline,3,0,stop,1,1,selfplay-88,253238527,2960935,139308,14,cp 3573,2h2g,15,14,14,253
baseline,3,0,stop,1,8,complex-middle,252803909,2517419,186120,8,cp -127,B*6h,65,11,8,252
baseline,3,0,stop,1,8,movegen-heavy,252518843,2231772,188952,8,cp -1183,S*2h,65,8,8,252
baseline,3,0,stop,1,8,selfplay-88,252324166,2037616,154084,10,cp 2995,2h2g,81,12,11,252
fixed,3,1,stop,1,1,complex-middle,252556554,2270365,161901,9,cp -426,B*6h,10,17,17,252
fixed,3,1,stop,1,1,movegen-heavy,252917403,2343883,157073,11,cp -1582,G*3c,12,10,7,252
fixed,3,1,stop,1,1,selfplay-88,252844045,2557155,139814,14,cp 3573,2h2g,15,11,7,252
fixed,3,1,stop,1,8,complex-middle,252363520,2075988,185945,8,cp -127,B*6h,65,11,8,252
fixed,3,1,stop,1,8,movegen-heavy,252650060,2391523,190002,8,cp -1183,S*2h,65,8,8,252
fixed,3,1,stop,1,8,selfplay-88,252599515,2313726,153194,10,cp 2995,2h2g,81,12,11,252
fixed,3,2,stop,1,1,complex-middle,252356988,1952947,161731,9,cp -426,B*6h,10,17,17,252
fixed,3,2,stop,1,1,movegen-heavy,252355927,1785031,156755,11,cp -1582,G*3c,12,10,7,252
fixed,3,2,stop,1,1,selfplay-88,252954162,2681618,140926,14,cp 3573,2h2g,15,11,7,252
fixed,3,2,stop,1,8,complex-middle,252522369,2299329,188467,8,cp -127,B*6h,65,11,8,252
fixed,3,2,stop,1,8,movegen-heavy,252839095,2568726,188952,8,cp -1183,S*2h,65,8,8,252
fixed,3,2,stop,1,8,selfplay-88,252462527,2189753,154710,10,cp 2995,2h2g,81,12,11,252
baseline,3,3,stop,1,1,complex-middle,252654689,2379770,160465,9,cp -426,B*6h,10,18,18,252
baseline,3,3,stop,1,1,movegen-heavy,252835419,2559890,157073,11,cp -1582,G*3c,12,10,7,252
baseline,3,3,stop,1,1,selfplay-88,252956848,2672943,137560,14,cp 3573,2h2g,15,14,14,252
baseline,3,3,stop,1,8,complex-middle,252915449,2625643,187606,8,cp -127,B*6h,65,11,8,252
baseline,3,3,stop,1,8,movegen-heavy,252332172,2048066,191030,9,cp -1618,N*2c,73,11,11,252
baseline,3,3,stop,1,8,selfplay-88,253222257,2934465,157894,10,cp 2995,2h2g,81,12,11,253
baseline,4,0,stop,1,1,complex-middle,252295774,2007791,162062,9,cp -426,B*6h,10,18,18,252
baseline,4,0,stop,1,1,movegen-heavy,253093204,2804700,159631,11,cp -1582,G*3c,12,10,7,253
baseline,4,0,stop,1,1,selfplay-88,253081803,2796686,141512,14,cp 3573,2h2g,15,14,14,252
baseline,4,0,stop,1,8,complex-middle,252318876,1930945,189464,8,cp -127,B*6h,65,11,8,252
baseline,4,0,stop,1,8,movegen-heavy,252617519,2341829,188314,8,cp -1183,S*2h,65,8,8,252
baseline,4,0,stop,1,8,selfplay-88,252741092,2453189,155776,10,cp 2995,2h2g,81,12,11,252
fixed,4,1,stop,1,1,complex-middle,252537469,2249215,164815,9,cp -426,B*6h,10,17,17,252
fixed,4,1,stop,1,1,movegen-heavy,252194292,1907812,157889,11,cp -1582,G*3c,12,10,7,252
fixed,4,1,stop,1,1,selfplay-88,252696719,2414276,142917,14,cp 3573,2h2g,15,11,7,252
fixed,4,1,stop,1,8,complex-middle,252347250,2058956,189464,8,cp -127,B*6h,65,11,8,252
fixed,4,1,stop,1,8,movegen-heavy,252315360,2030402,190156,8,cp -1183,S*2h,65,8,8,252
fixed,4,1,stop,1,8,selfplay-88,252537278,1903333,156942,10,cp 2995,2h2g,81,12,11,252
fixed,4,2,stop,1,1,complex-middle,252747003,2065178,164191,9,cp -426,B*6h,10,17,17,252
fixed,4,2,stop,1,1,movegen-heavy,253068919,2509224,156223,11,cp -1582,G*3c,12,10,7,252
fixed,4,2,stop,1,1,selfplay-88,252866558,2584455,142227,14,cp 3573,2h2g,15,11,7,252
fixed,4,2,stop,1,8,complex-middle,253018323,2731432,189657,8,cp -127,B*6h,65,11,8,252
fixed,4,2,stop,1,8,movegen-heavy,252350306,2068004,191030,9,cp -1618,N*2c,73,9,9,252
fixed,4,2,stop,1,8,selfplay-88,253083236,2796636,157317,10,cp 2995,2h2g,81,12,11,252
baseline,4,3,stop,1,1,complex-middle,252610015,2333163,161731,9,cp -426,B*6h,10,18,18,252
baseline,4,3,stop,1,1,movegen-heavy,252749829,2463258,159370,11,cp -1582,G*3c,12,10,7,252
baseline,4,3,stop,1,1,selfplay-88,252639170,2357078,140552,14,cp 3573,2h2g,15,14,14,252
baseline,4,3,stop,1,8,complex-middle,252082842,1797544,188565,8,cp -127,B*6h,65,11,8,252
baseline,4,3,stop,1,8,movegen-heavy,253091612,2803067,189566,8,cp -1183,S*2h,65,8,8,253
baseline,4,3,stop,1,8,selfplay-88,252658537,2374381,156347,10,cp 2995,2h2g,81,12,11,252
baseline,5,0,stop,1,1,complex-middle,252599876,2310660,164535,9,cp -426,B*6h,10,18,18,252
baseline,5,0,stop,1,1,movegen-heavy,252690998,2408004,158043,11,cp -1582,G*3c,12,10,7,252
baseline,5,0,stop,1,1,selfplay-88,253200678,2915369,141512,14,cp 3573,2h2g,15,14,14,253
baseline,5,0,stop,1,8,complex-middle,252241001,1957856,188130,8,cp -127,B*6h,65,11,8,252
baseline,5,0,stop,1,8,movegen-heavy,252434515,2148455,191342,9,cp -1618,N*2c,73,11,11,252
baseline,5,0,stop,1,8,selfplay-88,253175410,2892416,157894,10,cp 2995,2h2g,81,12,11,253
fixed,5,1,stop,1,1,complex-middle,252609324,2333814,161605,9,cp -426,B*6h,10,17,17,252
fixed,5,1,stop,1,1,movegen-heavy,252088354,1804067,156223,11,cp -1582,G*3c,12,10,7,252
fixed,5,1,stop,1,1,selfplay-88,252775718,2491762,141512,14,cp 3573,2h2g,15,11,7,252
fixed,5,1,stop,1,8,complex-middle,252372258,2086098,188467,8,cp -127,B*6h,65,11,8,252
fixed,5,1,stop,1,8,movegen-heavy,252783462,2500377,191634,9,cp -1618,N*2c,73,9,9,252
fixed,5,1,stop,1,8,selfplay-88,252774876,2320429,156751,10,cp 2995,2h2g,81,12,11,252
fixed,5,2,stop,1,1,complex-middle,253376649,3091160,164191,9,cp -426,B*6h,10,17,17,253
fixed,5,2,stop,1,1,movegen-heavy,252811845,2523601,161091,11,cp -1582,G*3c,12,10,7,252
fixed,5,2,stop,1,1,selfplay-88,253067437,2417762,142227,14,cp 3573,2h2g,15,11,7,252
fixed,5,2,stop,1,8,complex-middle,252316673,2029922,186120,8,cp -127,B*6h,65,11,8,252
fixed,5,2,stop,1,8,movegen-heavy,251195883,664310,190329,8,cp -1183,S*2h,65,8,8,251
fixed,5,2,stop,1,8,selfplay-88,253085280,2635362,156474,10,cp 2466,2h2g,81,15,3,252
baseline,5,3,stop,1,1,complex-middle,252943543,2658415,164815,9,cp -426,B*6h,10,18,18,252
baseline,5,3,stop,1,1,movegen-heavy,252479139,2194682,159078,11,cp -1582,G*3c,12,10,7,252
baseline,5,3,stop,1,1,selfplay-88,252645653,2363971,140312,14,cp 3573,2h2g,15,14,14,252
baseline,5,3,stop,1,8,complex-middle,252809391,2522078,190225,8,cp -127,B*6h,65,11,8,252
baseline,5,3,stop,1,8,movegen-heavy,252107670,1820358,188952,8,cp -1183,S*2h,65,8,8,252
baseline,5,3,stop,1,8,selfplay-88,252631175,2387816,157684,10,cp 2995,2h2g,81,12,11,252
baseline,0,0,time,4,1,complex-middle,1000321262,,3039016,11,cp -603,8d7d,12,19,19,1000
baseline,0,0,time,4,1,movegen-heavy,1000473067,,3097906,15,cp -2653,S*2h,16,19,19,1000
baseline,0,0,time,4,1,selfplay-88,1000450306,,2945647,33,cp 35281,2h2g,34,21,7,1000
baseline,0,0,time,4,8,complex-middle,1000337102,,3163884,9,cp -223,B*6h,73,15,8,1000
baseline,0,0,time,4,8,movegen-heavy,1000571854,,3233829,12,cp -2322,N*2c,97,24,14,1000
baseline,0,0,time,4,8,selfplay-88,1000660181,,2670583,13,cp 4018,2h2g,105,18,12,1000
fixed,0,1,time,4,1,complex-middle,1000297949,,3067936,14,cp -907,8d7d,15,29,14,1000
fixed,0,1,time,4,1,movegen-heavy,1000381496,,3097262,15,cp -2090,N*2c,16,17,11,1000
fixed,0,1,time,4,1,selfplay-88,1000566806,,3059348,38,cp 35281,2h2g,39,15,7,1000
fixed,0,1,time,4,8,complex-middle,1000502535,,3244006,9,cp -122,B*6h,73,19,8,1000
fixed,0,1,time,4,8,movegen-heavy,1000349007,,3299517,11,cp -2368,N*2c,89,22,12,1000
fixed,0,1,time,4,8,selfplay-88,1000611792,,2732118,13,cp 4630,2h2g,105,20,13,1000
fixed,0,2,time,4,1,complex-middle,1000481076,,2945020,13,cp -745,8d7d,14,15,14,1000
fixed,0,2,time,4,1,movegen-heavy,1000475936,,3052260,15,cp -2411,N*2c,16,19,14,1000
fixed,0,2,time,4,1,selfplay-88,1000479333,,2937383,24,cp 35281,2h2g,21,19,9,1000
fixed,0,2,time,4,8,complex-middle,1000656016,,3138819,11,cp -774,8d7d,89,21,10,1000
fixed,0,2,time,4,8,movegen-heavy,1000582777,,3298945,11,cp -2392,N*3a,89,16,12,1000
fixed,0,2,time,4,8,selfplay-88,1000644805,,2750047,13,cp 4203,2h2g,105,16,11,1000
baseline,0,3,time,4,1,complex-middle,1000316907,,2963181,14,cp -936,8d7d,15,24,14,1000
baseline,0,3,time,4,1,movegen-heavy,1000394414,,3182158,14,cp -2118,G*3c,16,17,17,1000
baseline,0,3,time,4,1,selfplay-88,1000599129,,3020332,31,cp 35281,2h2g,31,18,7,1000
baseline,0,3,time,4,8,complex-middle,1000497458,,3198868,10,cp -272,B*6h,81,21,8,1000
baseline,0,3,time,4,8,movegen-heavy,1000343288,,3247394,12,cp -2085,N*2c,97,19,12,1000
baseline,0,3,time,4,8,selfplay-88,1000578040,,2747590,13,cp 3806,3h3g,105,18,12,1000
baseline,1,0,time,4,1,complex-middle,1000474495,,3175081,13,cp -752,8d7d,14,18,18,1000
baseline,1,0,time,4,1,movegen-heavy,1000611224,,3099027,15,cp -2665,G*3c,16,18,18,1000
baseline,1,0,time,4,1,selfplay-88,1000369217,,2668910,16,cp 5441,2h2g,17,14,14,1000
baseline,1,0,time,4,8,complex-middle,1000423601,,3322559,9,cp -474,B*6h,73,22,22,1000
baseline,1,0,time,4,8,movegen-heavy,1000555449,,3251626,11,cp -2320,N*2c,89,20,14,1000
baseline,1,0,time,4,8,selfplay-88,1000519902,,2744396,13,cp 3784,2h2g,105,20,13,1000
fixed,1,1,time,4,1,complex-middle,1000594553,,3017656,14,cp -624,8d7d,12,14,14,1000
fixed,1,1,time,4,1,movegen-heavy,1000773570,,3019967,13,cp -2240,N*2c,16,18,13,1000
fixed,1,1,time,4,1,selfplay-88,1000811622,,3132495,23,cp 35281,2h2g,23,20,7,1000
fixed,1,1,time,4,8,complex-middle,1000518710,,3590536,9,cp -444,B*6h,73,15,15,1000
fixed,1,1,time,4,8,movegen-heavy,1000483144,,3214352,11,cp -2343,N*2c,89,20,7,1000
fixed,1,1,time,4,8,selfplay-88,1000665708,,2810956,13,cp 4274,2h2g,105,17,9,1000
fixed,1,2,time,4,1,complex-middle,1000336378,,3052800,12,cp -721,8d7d,14,18,16,1000
fixed,1,2,time,4,1,movegen-heavy,1000511808,,3029391,15,cp -2534,G*1c,16,17,17,1000
fixed,1,2,time,4,1,selfplay-88,1000614081,,3019576,39,cp 35281,2h2g,40,15,7,1000
fixed,1,2,time,4,8,complex-middle,1000557707,,3293324,9,cp -218,8d7d,73,15,7,1000
fixed,1,2,time,4,8,movegen-heavy,1000657003,,3246712,11,cp -2346,N*2c,89,20,12,1000
fixed,1,2,time,4,8,selfplay-88,1000630042,,2705696,11,cp 3490,2h2g,89,22,11,1000
baseline,1,3,time,4,1,complex-middle,1000699552,,2894783,14,cp -751,8d7d,15,19,19,1000
baseline,1,3,time,4,1,movegen-heavy,1000533270,,2990660,14,cp -2522,G*3c,15,19,19,1000
baseline,1,3,time,4,1,selfplay-88,1000731934,,3093963,37,cp 35281,2h2g,38,15,7,1000
baseline,1,3,time,4,8,complex-middle,1000493436,,3033064,10,cp -145,B*6h,81,18,8,1000
baseline,1,3,time,4,8,movegen-heavy,1000788491,,3316759,11,cp -2401,G*3c,89,16,11,1000
baseline,1,3,time,4,8,selfplay-88,1000450906,,2684658,12,cp 3754,2h2g,97,19,14,1000
baseline,2,0,time,4,1,complex-middle,1000740691,,2875137,12,cp -670,8d7d,15,30,12,1000
baseline,2,0,time,4,1,movegen-heavy,1000548570,,2975153,14,cp -2460,N*2c,16,15,9,1000
baseline,2,0,time,4,1,selfplay-88,1000526959,,2793637,27,cp 35281,2h2g,19,24,7,1000
baseline,2,0,time,4,8,complex-middle,1000337232,,3215339,10,cp -741,8d7d,81,19,8,1000
baseline,2,0,time,4,8,movegen-heavy,1000834018,,3218900,11,cp -2327,N*2c,89,18,14,1000
baseline,2,0,time,4,8,selfplay-88,1000627670,,2667992,13,cp 3707,2h2g,105,17,12,1000
fixed,2,1,time,4,1,complex-middle,1000346600,,3027374,14,cp -810,8d7d,13,22,12,1000
fixed,2,1,time,4,1,movegen-heavy,1000494870,,3123529,14,cp -2233,N*2c,15,16,9,1000
fixed,2,1,time,4,1,selfplay-88,1000475404,,3198468,35,cp 35281,2h2g,35,17,7,1000
fixed,2,1,time,4,8,complex-middle,1000389041,,3399142,9,cp -134,B*6h,73,18,18,1000
fixed,2,1,time,4,8,movegen-heavy,1000562718,,3165403,11,cp -2154,N*2c,89,17,8,1000
fixed,2,1,time,4,8,selfplay-88,1000612412,,2735903,12,cp 3866,2h2g,97,16,13,1000
fixed,2,2,time,4,1,complex-middle,1000522623,,3069850,12,cp -804,8d7d,13,19,12,1000
fixed,2,2,time,4,1,movegen-heavy,1000368203,,3016658,15,cp -2801,N*1g,16,20,18,1000
fixed,2,2,time,4,1,selfplay-88,1000884906,,2854925,24,cp 35281,2h2g,25,17,11,1000
fixed,2,2,time,4,8,complex-middle,1000559283,,3045498,10,cp -525,B*6h,81,18,17,1000
fixed,2,2,time,4,8,movegen-heavy,1000473972,,3320973,10,cp -2420,G*2h,81,17,13,1000
fixed,2,2,time,4,8,selfplay-88,1000761684,,2728122,13,cp 3435,8d8e,105,19,13,1000
baseline,2,3,time,4,1,complex-middle,1000443515,,2857857,14,cp -778,8d7d,15,21,16,1000
baseline,2,3,time,4,1,movegen-heavy,1000375117,,3079059,14,cp -2238,N*2c,15,18,11,1000
baseline,2,3,time,4,1,selfplay-88,1000343668,,2845206,24,cp 35281,2h2g,23,15,9,1000
baseline,2,3,time,4,8,complex-middle,1000368404,,3309191,9,cp -512,B*6h,73,16,9,1000
baseline,2,3,time,4,8,movegen-heavy,1000531322,,3198179,10,cp -2352,N*2c,81,21,13,1000
baseline,2,3,time,4,8,selfplay-88,1000602846,,2689123,12,cp 3563,2h2g,97,22,11,1000
baseline,3,0,time,4,1,complex-middle,1000481097,,2925050,14,cp -883,3b3c,15,15,14,1000
baseline,3,0,time,4,1,movegen-heavy,1000599470,,2977051,15,cp -2497,G*3c,15,20,20,1000
baseline,3,0,time,4,1,selfplay-88,1000401327,,2996341,25,cp 35281,2h2g,25,24,9,1000
baseline,3,0,time,4,8,complex-middle,1000404895,,3314926,9,cp -491,8d7d,73,19,16,1000
baseline,3,0,time,4,8,movegen-heavy,1000444379,,3285049,11,cp -2422,N*2c,89,23,10,1000
baseline,3,0,time,4,8,selfplay-88,1000725388,,2699352,13,cp 3641,2h2g,105,17,13,1000
fixed,3,1,time,4,1,complex-middle,1000745236,,3144349,13,cp -727,8d7d,14,20,20,1000
fixed,3,1,time,4,1,movegen-heavy,1000434902,,3085164,14,cp -2534,S*2h,16,18,12,1000
fixed,3,1,time,4,1,selfplay-88,1000723034,,3046745,19,cp 6661,2h2g,20,24,20,1000
fixed,3,1,time,4,8,complex-middle,1000335545,,3376098,10,cp -157,B*6h,81,18,11,1000
fixed,3,1,time,4,8,movegen-heavy,1000578052,,3418173,11,cp -2323,N*2c,89,20,14,1000
fixed,3,1,time,4,8,selfplay-88,1000696886,,2945338,13,cp 3810,2h2g,105,20,12,1000
fixed,3,2,time,4,1,complex-middle,1000210270,,3288645,11,cp -733,3b3c,12,26,16,1000
fixed,3,2,time,4,1,movegen-heavy,1000420615,,3251007,15,cp -2778,G*1c,16,21,21,1000
fixed,3,2,time,4,1,selfplay-88,1000398574,,2811410,21,cp 35281,2h2g,17,14,7,1000
fixed,3,2,time,4,8,complex-middle,1000430885,,3613116,9,cp -392,B*6h,73,16,12,1000
fixed,3,2,time,4,8,movegen-heavy,1000498844,,3394765,11,cp -2355,N*2c,89,15,14,1000
fixed,3,2,time,4,8,selfplay-88,1000802776,,2911938,12,cp 3360,2h2g,97,20,5,1000
baseline,3,3,time,4,1,complex-middle,1000331689,,3285555,15,cp -684,8d7d,15,25,17,1000
baseline,3,3,time,4,1,movegen-heavy,1000634639,,3211051,14,cp -2274,G*1c,16,21,13,1000
baseline,3,3,time,4,1,selfplay-88,1000517860,,3108253,20,cp 35281,2h2g,21,20,11,1000
baseline,3,3,time,4,8,complex-middle,1000449521,,3664979,9,cp -410,8d7d,73,18,16,1000
baseline,3,3,time,4,8,movegen-heavy,1000326730,,3456930,11,cp -2310,N*2c,89,18,9,1000
baseline,3,3,time,4,8,selfplay-88,1000333333,,2918890,13,cp 3606,2h2g,105,16,14,1000
baseline,4,0,time,4,1,complex-middle,1000358731,,3112023,14,cp -925,8d7d,17,17,14,1000
baseline,4,0,time,4,1,movegen-heavy,1000368360,,3271198,14,cp -2760,G*2h,15,21,21,1000
baseline,4,0,time,4,1,selfplay-88,1000470752,,3103172,24,cp 35281,2h2g,25,15,11,1000
baseline,4,0,time,4,8,complex-middle,1000354985,,3543854,10,cp -194,B*6h,81,22,12,1000
baseline,4,0,time,4,8,movegen-heavy,1000556374,,3536806,11,cp -1856,N*2c,89,21,7,1000
baseline,4,0,time,4,8,selfplay-88,1000853905,,2964066,12,cp 4073,2h2g,97,19,9,1000
fixed,4,1,time,4,1,complex-middle,1000594175,,3068390,14,cp -876,8d7d,15,28,14,1000
fixed,4,1,time,4,1,movegen-heavy,1000627768,,3272805,15,cp -2727,G*3c,16,23,23,1000
fixed,4,1,time,4,1,selfplay-88,1000474741,,3114893,24,cp 35281,2h2g,24,16,9,1000
fixed,4,1,time,4,8,complex-middle,1000384091,,3377624,9,cp -433,8d7d,73,23,8,1000
fixed,4,1,time,4,8,movegen-heavy,1000589037,,3485626,11,cp -2184,N*2c,89,18,11,1000
fixed,4,1,time,4,8,selfplay-88,1000662595,,2936417,13,cp 4134,2h2g,105,21,16,1000
fixed,4,2,time,4,1,complex-middle,1000551476,,3311998,13,cp -792,8d7d,15,20,20,1000
fixed,4,2,time,4,1,movegen-heavy,1000338696,,3319377,14,cp -2758,S*2h,15,19,19,1000
fixed,4,2,time,4,1,selfplay-88,1000390904,,3242442,26,cp 35281,2h2g,25,21,9,1000
fixed,4,2,time,4,8,complex-middle,1000430158,,3345337,10,cp -766,3b3a,81,14,10,1000
fixed,4,2,time,4,8,movegen-heavy,1000404590,,3518532,11,cp -2163,N*2c,89,18,9,1000
fixed,4,2,time,4,8,selfplay-88,1000617472,,2924572,13,cp 3677,2h2g,105,20,18,1000
baseline,4,3,time,4,1,complex-middle,1000673447,,3235857,11,cp -707,8d7d,14,27,13,1000
baseline,4,3,time,4,1,movegen-heavy,1000436771,,3284026,14,cp -2737,S*2h,16,22,22,1000
baseline,4,3,time,4,1,selfplay-88,1000444436,,3221828,23,cp 35281,2h2g,23,22,17,1000
baseline,4,3,time,4,8,complex-middle,1000354908,,3500182,10,cp -521,B*6h,81,21,10,1000
baseline,4,3,time,4,8,movegen-heavy,1000331464,,3460651,10,cp -2146,G*3c,81,16,11,1000
baseline,4,3,time,4,8,selfplay-88,1000922036,,2897875,12,cp 4013,2h2g,97,22,8,1000
baseline,5,0,time,4,1,complex-middle,1000242577,,3171160,15,cp -831,8d7d,14,20,19,1000
baseline,5,0,time,4,1,movegen-heavy,1000425531,,3419123,16,cp -2410,N*2c,17,24,11,1000
baseline,5,0,time,4,1,selfplay-88,1000327066,,3162081,33,cp 35281,2h2g,34,22,7,1000
baseline,5,0,time,4,8,complex-middle,1000445970,,3570419,9,cp -140,B*6h,73,17,8,1000
baseline,5,0,time,4,8,movegen-heavy,1000423818,,3518923,10,cp -2200,N*3a,81,20,13,1000
baseline,5,0,time,4,8,selfplay-88,1000614808,,2880732,11,cp 3625,8d8e,89,18,10,1000
fixed,5,1,time,4,1,complex-middle,1000457672,,3246264,13,cp -872,8d7d,14,18,14,1000
fixed,5,1,time,4,1,movegen-heavy,1000355310,,3345375,15,cp -2301,N*2c,16,16,13,1000
fixed,5,1,time,4,1,selfplay-88,1000431904,,2800731,15,cp 4203,2h2g,14,16,16,1000
fixed,5,1,time,4,8,complex-middle,1000511024,,3359641,11,cp -150,B*6h,89,21,15,1000
fixed,5,1,time,4,8,movegen-heavy,1000608547,,3504476,10,cp -2468,G*3c,81,12,10,1000
fixed,5,1,time,4,8,selfplay-88,1000758209,,2937725,13,cp 4306,2h2g,105,18,11,1000
fixed,5,2,time,4,1,complex-middle,1000425072,,3213470,14,cp -836,8d7d,14,22,13,1000
fixed,5,2,time,4,1,movegen-heavy,1000454487,,3268519,16,cp -2814,N*3a,17,20,20,1000
fixed,5,2,time,4,1,selfplay-88,1000446382,,3011631,18,cp 7266,2h2g,19,24,24,1000
fixed,5,2,time,4,8,complex-middle,1000284548,,3392292,10,cp -160,B*6h,81,21,10,1000
fixed,5,2,time,4,8,movegen-heavy,1000654355,,3533877,10,cp -2324,N*2c,81,14,11,1000
fixed,5,2,time,4,8,selfplay-88,1000812622,,2976157,12,cp 3532,2h2g,97,19,15,1000
baseline,5,3,time,4,1,complex-middle,1000322330,,3185856,13,cp -984,8d7d,14,18,13,1000
baseline,5,3,time,4,1,movegen-heavy,1000410816,,3314435,16,cp -2702,S*2h,15,22,22,1000
baseline,5,3,time,4,1,selfplay-88,1000623217,,2992356,29,cp 35281,2h2g,24,21,7,1000
baseline,5,3,time,4,8,complex-middle,1000453577,,3498805,10,cp -877,3b3a,81,17,12,1000
baseline,5,3,time,4,8,movegen-heavy,1000475629,,3531903,10,cp -2192,N*2c,81,18,10,1000
baseline,5,3,time,4,8,selfplay-88,1000608820,,2919740,12,cp 3948,2h2g,97,21,11,1000
baseline,0,0,stop,4,1,complex-middle,252718708,2470913,818376,11,cp -697,8d7d,12,10,10,252
baseline,0,0,stop,4,1,movegen-heavy,252699671,2466634,854581,12,cp -2206,N*2c,12,13,13,252
baseline,0,0,stop,4,1,selfplay-88,253331972,3095057,709637,13,cp 4105,2h2g,15,14,14,253
baseline,0,0,stop,4,8,complex-middle,253000538,2715833,922156,8,cp -103,B*6h,65,10,7,252
baseline,0,0,stop,4,8,movegen-heavy,252734247,2498564,974493,9,cp -2230,G*3c,73,18,9,252
baseline,0,0,stop,4,8,selfplay-88,252446485,2166489,769100,11,cp 2921,3h3g,89,13,8,252
fixed,0,1,stop,4,1,complex-middle,252885722,2649739,834982,11,cp -692,8d7d,12,19,5,252
fixed,0,1,stop,4,1,movegen-heavy,253224921,2987896,848565,13,cp -2195,N*2c,14,12,12,253
fixed,0,1,stop,4,1,selfplay-88,252877506,2635873,725525,14,cp 4447,2h2g,14,11,11,252
fixed,0,1,stop,4,8,complex-middle,252406308,2169624,935141,8,cp -41,B*6h,65,9,5,252
fixed,0,1,stop,4,8,movegen-heavy,252494084,2235529,959425,9,cp -2270,N*2c,73,16,12,252
fixed,0,1,stop,4,8,selfplay-88,252465310,2224057,776638,10,cp 3140,3h3g,81,15,10,252
fixed,0,2,stop,4,1,complex-middle,253289131,3055142,866377,11,cp -386,B*6h,11,10,8,253
fixed,0,2,stop,4,1,movegen-heavy,253094215,2854835,851492,13,cp -2197,N*2c,14,18,15,253
fixed,0,2,stop,4,1,selfplay-88,253004616,2716956,740731,15,cp 4562,2h2g,16,20,20,252
fixed,0,2,stop,4,8,complex-middle,253152003,2871166,888622,9,cp -113,B*6h,73,13,8,253
fixed,0,2,stop,4,8,movegen-heavy,253300683,3032921,958208,9,cp -1597,G*3c,73,14,7,253
fixed,0,2,stop,4,8,selfplay-88,253364002,3126216,790723,11,cp 3243,2h2g,89,18,9,253
baseline,0,3,stop,4,1,complex-middle,252876264,2635332,842977,11,cp -667,3b4b,12,8,4,252
baseline,0,3,stop,4,1,movegen-heavy,252809108,2572864,868744,15,cp -2265,G*3c,16,13,13,252
baseline,0,3,stop,4,1,selfplay-88,253212547,2954343,732237,14,cp 4417,2h2g,16,11,11,253
baseline,0,3,stop,4,8,complex-middle,253155740,2915950,957202,8,cp -114,B*6h,65,8,7,253
baseline,0,3,stop,4,8,movegen-heavy,252564727,2326791,979497,9,cp -1750,G*3c,73,15,13,252
baseline,0,3,stop,4,8,selfplay-88,253209091,2974691,787439,10,cp 3361,2h2g,81,14,9,253
baseline,1,0,stop,4,1,complex-middle,252346437,2072432,897679,10,cp -131,B*6h,13,20,16,252
baseline,1,0,stop,4,1,movegen-heavy,252903024,2621516,838173,13,cp -2026,N*2c,14,13,12,252
baseline,1,0,stop,4,1,selfplay-88,253005727,2743846,727452,15,cp 4214,2h2g,16,15,15,252
baseline,1,0,stop,4,8,complex-middle,253249126,3011580,921230,8,cp -314,B*6h,65,10,8,253
baseline,1,0,stop,4,8,movegen-heavy,252417220,2174114,956266,9,cp -2376,N*2c,73,19,11,252
baseline,1,0,stop,4,8,selfplay-88,252532377,2255637,778817,10,cp 3336,2h2g,81,24,11,252
fixed,1,1,stop,4,1,complex-middle,252782197,2518952,860263,10,cp -521,8d7d,12,17,17,252
fixed,1,1,stop,4,1,movegen-heavy,252858732,2589796,843865,13,cp -2163,N*2c,14,12,10,252
fixed,1,1,stop,4,1,selfplay-88,252845706,2558777,732306,15,cp 4477,2h2g,16,15,15,252
fixed,1,1,stop,4,8,complex-middle,252757180,2471333,907566,8,cp -192,B*6h,65,13,7,252
fixed,1,1,stop,4,8,movegen-heavy,252496930,2214810,975667,9,cp -2030,N*1g,73,12,12,252
fixed,1,1,stop,4,8,selfplay-88,252724619,2441978,782899,11,cp 2974,2h2g,89,18,11,252
fixed,1,2,stop,4,1,complex-middle,253728028,3446028,883379,10,cp -558,8d7d,11,23,16,253
fixed,1,2,stop,4,1,movegen-heavy,252663755,2378659,836421,13,cp -2264,N*2c,14,15,15,252
fixed,1,2,stop,4,1,selfplay-88,252865794,2578715,723808,14,cp 4228,2h2g,15,18,18,252
fixed,1,2,stop,4,8,complex-middle,252691156,2408355,929114,9,cp -610,8d7d,73,17,9,252
fixed,1,2,stop,4,8,movegen-heavy,253255088,2964582,963546,9,cp -2286,N*2c,73,14,11,253
fixed,1,2,stop,4,8,selfplay-88,252996862,2709712,803101,10,cp 3211,2h2g,81,14,10,252
baseline,1,3,stop,4,1,complex-middle,253026086,2767150,839947,13,cp -804,B*6h,13,21,14,252
baseline,1,3,stop,4,1,movegen-heavy,252384409,2102509,869450,13,cp -2112,G*3c,14,18,10,252
baseline,1,3,stop,4,1,selfplay-88,253041145,2778922,756877,14,cp 4496,2h2g,15,15,14,252
baseline,1,3,stop,4,8,complex-middle,250816526,529297,1029996,8,cp 78,8d7d,65,14,8,250
baseline,1,3,stop,4,8,movegen-heavy,253261239,2991652,964201,9,cp -1562,G*3c,73,16,11,253
baseline,1,3,stop,4,8,selfplay-88,252696757,2425858,785344,10,cp 3452,2h2g,81,15,12,252
baseline,2,0,stop,4,1,complex-middle,253190256,2914247,802412,11,cp -448,B*6h,11,12,12,253
baseline,2,0,stop,4,1,movegen-heavy,252889940,2618861,864168,14,cp -2117,G*3c,15,15,15,252
baseline,2,0,stop,4,1,selfplay-88,253031657,2748184,715759,15,cp 3920,2h2g,16,14,10,252
baseline,2,0,stop,4,8,complex-middle,252481281,2313576,951606,8,cp -260,B*6h,65,8,8,252
baseline,2,0,stop,4,8,movegen-heavy,252525203,2231822,975194,9,cp -1936,N*3a,73,17,14,252
baseline,2,0,stop,4,8,selfplay-88,253176921,2891995,794507,10,cp 3437,2h2g,81,16,11,253
fixed,2,1,stop,4,1,complex-middle,252833073,2548929,841474,10,cp -512,3b3c,12,13,11,252
fixed,2,1,stop,4,1,movegen-heavy,253082613,2802607,902901,14,cp -2353,N*2c,14,19,15,252
fixed,2,1,stop,4,1,selfplay-88,253389500,3103172,728381,15,cp 3910,2h2g,16,13,13,253
fixed,2,1,stop,4,8,complex-middle,253096409,2809680,965433,8,cp -113,B*6h,65,9,9,253
fixed,2,1,stop,4,8,movegen-heavy,251927398,1655136,952290,10,cp -2295,N*2c,81,15,8,251
fixed,2,1,stop,4,8,selfplay-88,253446559,3158407,798693,10,cp 3060,2h2g,81,21,10,253
fixed,2,2,stop,4,1,complex-middle,253167282,2881886,879804,12,cp -35,B*6h,13,13,11,253
fixed,2,2,stop,4,1,movegen-heavy,252734278,2453760,842767,12,cp -2104,G*3c,15,14,12,252
fixed,2,2,stop,4,1,selfplay-88,253212007,2927662,723445,14,cp 4736,2h2g,15,12,11,253
fixed,2,2,stop,4,8,complex-middle,252781887,2498574,891645,8,cp -227,B*6h,65,8,5,252
fixed,2,2,stop,4,8,movegen-heavy,253254457,2973238,953542,9,cp -1874,N*2c,73,17,8,253
fixed,2,2,stop,4,8,selfplay-88,252773752,2492643,764247,10,cp 3168,2h2g,81,14,7,252
baseline,2,3,stop,4,1,complex-middle,252295321,2010045,886144,10,cp -18,B*6h,11,10,8,252
baseline,2,3,stop,4,1,movegen-heavy,252907824,2627136,850049,12,cp -2061,G*3c,15,16,12,252
baseline,2,3,stop,4,1,selfplay-88,252455883,2179263,707310,14,cp 4293,2h2g,15,14,14,252
baseline,2,3,stop,4,8,complex-middle,252726723,2444622,899069,8,cp -226,B*6h,65,9,9,252
baseline,2,3,stop,4,8,movegen-heavy,252712967,2429504,954311,9,cp -2118,G*2h,73,15,12,252
baseline,2,3,stop,4,8,selfplay-88,252537978,2256468,753264,10,cp 3207,2h2g,81,14,9,252
baseline,3,0,stop,4,1,complex-middle,253120886,2833575,815441,12,cp -674,8d7d,11,19,14,253
baseline,3,0,stop,4,1,movegen-heavy,253065952,2797828,872281,13,cp -2560,N*3a,14,18,18,252
baseline,3,0,stop,4,1,selfplay-88,253114323,2831612,728064,15,cp 4131,2h2g,14,14,14,253
baseline,3,0,stop,4,8,complex-middle,252799691,2515496,885817,8,cp -28,B*6h,65,15,7,252
baseline,3,0,stop,4,8,movegen-heavy,252598091,2319988,980395,9,cp -2404,N*2c,73,17,8,252
baseline,3,0,stop,4,8,selfplay-88,252780194,2497512,760669,10,cp 2656,2h2g,81,13,8,252
fixed,3,1,stop,4,1,complex-middle,252816172,2534222,896359,12,cp -426,8d7d,13,15,15,252
fixed,3,1,stop,4,1,movegen-heavy,252742353,2467957,861047,13,cp -2155,G*3c,15,18,11,252
fixed,3,1,stop,4,1,selfplay-88,253477657,3196548,724125,15,cp 4225,2h2g,16,18,18,253
fixed,3,1,stop,4,8,complex-middle,253015106,2767651,901770,8,cp -154,B*6h,65,10,7,252
fixed,3,1,stop,4,8,movegen-heavy,253012702,2777199,943724,9,cp -1790,G*3c,73,13,8,252
fixed,3,1,stop,4,8,selfplay-88,252995670,2745570,784969,10,cp 3544,2h2g,81,17,5,252
fixed,3,2,stop,4,1,complex-middle,252864724,2583725,810060,10,cp -396,8d7d,10,7,7,252
fixed,3,2,stop,4,1,movegen-heavy,253109043,2825340,864886,14,cp -2165,G*3c,15,12,8,253
fixed,3,2,stop,4,1,selfplay-88,253204002,2922052,718134,15,cp 4273,2h2g,16,17,17,253
fixed,3,2,stop,4,8,complex-middle,252647995,2362628,952804,8,cp 20,8d7d,65,14,8,252
fixed,3,2,stop,4,8,movegen-heavy,252781066,2500087,939262,9,cp -1345,G*3c,73,13,7,252
fixed,3,2,stop,4,8,selfplay-88,252896012,2612448,771807,10,cp 3688,2h2g,81,15,10,252
baseline,3,3,stop,4,1,complex-middle,253157594,2874071,914710,12,cp -486,8d7d,13,15,15,253
baseline,3,3,stop,4,1,movegen-heavy,252934505,2652825,889221,14,cp -2364,N*2c,15,14,11,252
baseline,3,3,stop,4,1,selfplay-88,252830850,2543489,730729,14,cp 4254,2h2g,14,16,16,252
baseline,3,3,stop,4,8,complex-middle,253019495,2738186,905405,8,cp -388,B*6h,65,11,7,252
baseline,3,3,stop,4,8,movegen-heavy,252717657,2438351,975822,9,cp -1723,N*2c,73,11,8,252
baseline,3,3,stop,4,8,selfplay-88,252990911,2715332,778321,10,cp 3416,2h2g,81,17,8,252
baseline,4,0,stop,4,1,complex-middle,252888558,2649388,835141,10,cp -595,8d7d,11,21,17,252
baseline,4,0,stop,4,1,movegen-heavy,253273753,2996652,873716,14,cp -2140,N*2c,14,12,12,253
baseline,4,0,stop,4,1,selfplay-88,252567774,2281065,718961,14,cp 4511,2h2g,16,20,13,252
baseline,4,0,stop,4,8,complex-middle,252475941,2238875,904606,8,cp -255,B*6h,65,9,7,252
baseline,4,0,stop,4,8,movegen-heavy,251126160,855942,955954,9,cp -1755,G*3c,73,16,8,251
baseline,4,0,stop,4,8,selfplay-88,252773862,2536826,779201,10,cp 3214,2h2g,81,15,10,252
fixed,4,1,stop,4,1,complex-middle,252775485,2502532,948167,11,cp -133,B*6h,11,13,13,252
fixed,4,1,stop,4,1,movegen-heavy,252830229,2578655,853023,14,cp -2122,N*2c,15,14,14,252
fixed,4,1,stop,4,1,selfplay-88,253266360,3027280,744882,15,cp 4363,2h2g,16,11,11,253
fixed,4,1,stop,4,8,complex-middle,252779964,2495358,913074,8,cp -154,B*6h,65,8,8,252
fixed,4,1,stop,4,8,movegen-heavy,253059971,2821703,968538,8,cp -1731,N*1g,65,9,6,252
fixed,4,1,stop,4,8,selfplay-88,253232316,2961757,790711,11,cp 3487,2h2g,89,15,10,253
fixed,4,2,stop,4,1,complex-middle,253216466,2970784,883136,11,cp -237,B*6h,11,15,15,253
fixed,4,2,stop,4,1,movegen-heavy,252861868,2587872,856336,13,cp -2525,G*3c,14,12,7,252
fixed,4,2,stop,4,1,selfplay-88,253096220,2830580,744613,15,cp 4500,2h2g,15,14,9,252
fixed,4,2,stop,4,8,complex-middle,252752643,2497442,919178,9,cp -176,B*6h,73,17,13,252
fixed,4,2,stop,4,8,movegen-heavy,252673293,2444503,952827,9,cp -2135,G*1c,73,15,9,252
fixed,4,2,stop,4,8,selfplay-88,252847391,2590468,799316,10,cp 3451,2h2g,81,13,11,252
baseline,4,3,stop,4,1,complex-middle,252576872,2337391,882689,9,cp -65,B*6h,11,12,12,252
baseline,4,3,stop,4,1,movegen-heavy,252406821,2127666,874146,13,cp -2242,N*2c,15,16,13,252
baseline,4,3,stop,4,1,selfplay-88,253090388,2826542,723924,15,cp 3980,2h2g,15,13,12,252
baseline,4,3,stop,4,8,complex-middle,253313398,3031197,937075,9,cp -154,B*6h,73,16,9,253
baseline,4,3,stop,4,8,movegen-heavy,252415949,2159256,933187,8,cp -1517,G*3c,65,10,5,252
baseline,4,3,stop,4,8,selfplay-88,253493458,3224121,761731,10,cp 3142,2h2g,81,17,12,253
baseline,5,0,stop,4,1,complex-middle,253054060,2786276,853665,12,cp -620,3b3c,11,15,15,252
baseline,5,0,stop,4,1,movegen-heavy,253169768,2931499,825154,13,cp -2295,N*2c,14,14,14,253
baseline,5,0,stop,4,1,selfplay-88,250689889,451520,704570,15,cp 4115,2h2g,16,21,16,250
baseline,5,0,stop,4,8,complex-middle,252954984,2694073,923065,8,cp -16,B*6h,65,8,8,252
baseline,5,0,stop,4,8,movegen-heavy,253395844,3111057,975964,9,cp -2161,N*2c,73,13,9,253
baseline,5,0,stop,4,8,selfplay-88,253274405,2989408,804033,10,cp 2955,2h2g,81,19,13,253
fixed,5,1,stop,4,1,complex-middle,252760508,2476222,825624,11,cp -604,8d7d,12,12,11,252
fixed,5,1,stop,4,1,movegen-heavy,253435237,3193041,903750,13,cp -2151,N*2c,14,13,11,253
fixed,5,1,stop,4,1,selfplay-88,253419288,3138249,754978,15,cp 4455,2h2g,15,14,13,253
fixed,5,1,stop,4,8,complex-middle,253195867,2910219,900968,8,cp 153,8d7d,65,8,1,253
fixed,5,1,stop,4,8,movegen-heavy,253021869,2743124,932935,9,cp -2008,N*2c,73,12,7,252
fixed,5,1,stop,4,8,selfplay-88,253156103,2870725,794461,10,cp 3173,3a4b+,81,16,10,253
fixed,5,2,stop,4,1,complex-middle,252700465,2412012,812020,13,cp -747,8d7d,13,14,14,252
fixed,5,2,stop,4,1,movegen-heavy,252685617,2405109,868003,14,cp -2312,N*2c,15,16,10,252
fixed,5,2,stop,4,1,selfplay-88,252843314,2562114,755996,13,cp 4635,2h2g,15,14,10,252
fixed,5,2,stop,4,8,complex-middle,253222167,2944223,937303,9,cp -245,B*6h,73,20,20,253
fixed,5,2,stop,4,8,movegen-heavy,252430676,2150138,962035,9,cp -2081,N*2c,73,13,9,252
fixed,5,2,stop,4,8,selfplay-88,252716665,2430336,783282,11,cp 3731,2h2g,89,16,8,252
baseline,5,3,stop,4,1,complex-middle,252440956,2161420,906245,10,cp -506,8d7d,12,17,12,252
baseline,5,3,stop,4,1,movegen-heavy,252704712,2423974,867585,15,cp -2300,N*2c,16,16,13,252
baseline,5,3,stop,4,1,selfplay-88,253032549,2751370,694752,15,cp 3774,2h2g,15,13,13,252
baseline,5,3,stop,4,8,complex-middle,252239166,1953267,959048,8,cp 13,8d7d,65,10,1,252
baseline,5,3,stop,4,8,movegen-heavy,252460974,2166709,959546,9,cp -1681,G*3c,73,16,9,252
baseline,5,3,stop,4,8,selfplay-88,252730652,2449382,773623,10,cp 2713,2h2g,81,14,9,252
